<?xml version="1.0" encoding="UTF-8"?>
<project-private xmlns="http://www.netbeans.org/ns/project-private/1">
    <editor-bookmarks xmlns="http://www.netbeans.org/ns/editor-bookmarks/1">
        <file>
            <url>src/inventory/password.java</url>
            <line>180</line>
        </file>
    </editor-bookmarks>
    <editor-bookmarks xmlns="http://www.netbeans.org/ns/editor-bookmarks/2" lastBookmarkId="0">
        <file>
            <url>src/inventory/password.java</url>
            <bookmark id="0">
                <name/>
                <line>180</line>
                <key/>
            </bookmark>
        </file>
    </editor-bookmarks>
    <open-files xmlns="http://www.netbeans.org/ns/projectui-open-files/2">
        <group>
            <file>file:/C:/Users/Rahul/Documents/NetBeansProjects/Inventory/src/inventory/NewJInternalFrame.java</file>
            <file>file:/C:/Users/Rahul/Documents/NetBeansProjects/Inventory/src/inventory/issue.java</file>
            <file>file:/C:/Users/Rahul/Documents/NetBeansProjects/Inventory/src/inventory/InventoryCse.java</file>
            <file>file:/C:/Users/Rahul/Documents/NetBeansProjects/Inventory/src/inventory/Stock.java</file>
            <file>file:/C:/Users/Rahul/Documents/NetBeansProjects/Inventory/src/inventory/InventoryView.java</file>
            <file>file:/C:/Users/Rahul/Documents/NetBeansProjects/Inventory/src/inventory/InventoryAboutBox.java</file>
        </group>
    </open-files>
</project-private>
